{"name":"data-society_imdb-5000-movie-dataset","title":"IMDB 5000 Movie Dataset","description":"5000+ movie data scraped from IMDB website.\n\nHow are related factors associated with the goodness of movies?\n\nfacenumber_in_poster: the number of human faces in movie poster.\n\nSource: Kaggle\n\nhttps://www.kaggle.com/deepmatrix/imdb-5000-movie-dataset","homepage":"https://data.world/data-society/imdb-5000-movie-dataset","resources":[{"name":"movie_metadata","schema":{"fields":[{"name":"color","title":"color","type":"string","rdfType":"http://www.w3.org/2001/XMLSchema#string"},{"name":"director_name","title":"director_name","type":"string","rdfType":"http://www.w3.org/2001/XMLSchema#string"},{"name":"num_critic_for_reviews","title":"num_critic_for_reviews","type":"integer","rdfType":"http://www.w3.org/2001/XMLSchema#integer"},{"name":"duration","title":"duration","type":"integer","rdfType":"http://www.w3.org/2001/XMLSchema#integer"},{"name":"director_facebook_likes","title":"director_facebook_likes","type":"integer","rdfType":"http://www.w3.org/2001/XMLSchema#integer"},{"name":"actor_3_facebook_likes","title":"actor_3_facebook_likes","type":"integer","rdfType":"http://www.w3.org/2001/XMLSchema#integer"},{"name":"actor_2_name","title":"actor_2_name","type":"string","rdfType":"http://www.w3.org/2001/XMLSchema#string"},{"name":"actor_1_facebook_likes","title":"actor_1_facebook_likes","type":"integer","rdfType":"http://www.w3.org/2001/XMLSchema#integer"},{"name":"gross","title":"gross","type":"integer","rdfType":"http://www.w3.org/2001/XMLSchema#integer"},{"name":"genres","title":"genres","type":"string","rdfType":"http://www.w3.org/2001/XMLSchema#string"},{"name":"actor_1_name","title":"actor_1_name","type":"string","rdfType":"http://www.w3.org/2001/XMLSchema#string"},{"name":"movie_title","title":"movie_title","type":"string","rdfType":"http://www.w3.org/2001/XMLSchema#string"},{"name":"num_voted_users","title":"num_voted_users","type":"integer","rdfType":"http://www.w3.org/2001/XMLSchema#integer"},{"name":"cast_total_facebook_likes","title":"cast_total_facebook_likes","type":"integer","rdfType":"http://www.w3.org/2001/XMLSchema#integer"},{"name":"actor_3_name","title":"actor_3_name","type":"string","rdfType":"http://www.w3.org/2001/XMLSchema#string"},{"name":"facenumber_in_poster","title":"facenumber_in_poster","type":"integer","rdfType":"http://www.w3.org/2001/XMLSchema#integer"},{"name":"plot_keywords","title":"plot_keywords","type":"string","rdfType":"http://www.w3.org/2001/XMLSchema#string"},{"name":"movie_imdb_link","title":"movie_imdb_link","type":"string","rdfType":"http://www.w3.org/2001/XMLSchema#anyURI"},{"name":"num_user_for_reviews","title":"num_user_for_reviews","type":"integer","rdfType":"http://www.w3.org/2001/XMLSchema#integer"},{"name":"language","title":"language","type":"string","rdfType":"http://www.w3.org/2001/XMLSchema#string"},{"name":"country","title":"country","type":"string","rdfType":"http://www.w3.org/2001/XMLSchema#string"},{"name":"content_rating","title":"content_rating","type":"string","rdfType":"http://www.w3.org/2001/XMLSchema#string"},{"name":"budget","title":"budget","type":"integer","rdfType":"http://www.w3.org/2001/XMLSchema#integer"},{"name":"title_year","title":"title_year","type":"gyear","rdfType":"http://www.w3.org/2001/XMLSchema#gYear"},{"name":"actor_2_facebook_likes","title":"actor_2_facebook_likes","type":"integer","rdfType":"http://www.w3.org/2001/XMLSchema#integer"},{"name":"imdb_score","title":"imdb_score","type":"number","rdfType":"http://www.w3.org/2001/XMLSchema#decimal"},{"name":"aspect_ratio","title":"aspect_ratio","type":"number","rdfType":"http://www.w3.org/2001/XMLSchema#decimal"},{"name":"movie_facebook_likes","title":"movie_facebook_likes","type":"integer","rdfType":"http://www.w3.org/2001/XMLSchema#integer"}]},"path":"data/movie_metadata.csv","format":"csv"},{"name":"original/movie_metadata.csv","path":"original/movie_metadata.csv","format":"csv","mediatype":"text/csv","bytes":1494688}],"keywords":["data society","imdb","movie","prediction","classification"]}