{"name":"popculture_imdb-5000-movie-dataset","title":"IMDB 5000 Movie Dataset","description":"28 Variables for 5043 movies Spanning Across 100 years in 66 countries\n\nChuan Sun [(@sundeepblue on Github)](https://github.com/sundeepblue/movie_rating_prediction) scraped tons of metadata using a combination of www.the-numbers.com, [IMDB.com](imdb.com), and a Python library called [\"scrapy\"](https://scrapy.org/). \n\nHe was able to obtain **28 variables** for **5043** movies and **4906** posters (998MB), spanning across **100** years in **66** countries. There are **2399** unique director names, and thousands of actors/actresses. \n\n28 Variables\n---\n    \"movie_title\"   \n    \"color\"   \n    \"num_critic_for_reviews\"  \n    \"movie_facebook_likes\"   \n    \"duration\"   \n    \"director_name\"   \n    \"director_facebook_likes\"   \n    \"actor_3_name\"   \n    \"actor_3_facebook_likes\"   \n    \"actor_2_name\"   \n    \"actor_2_facebook_likes\"   \n    \"actor_1_name\"   \n    \"actor_1_facebook_likes\"   \n    \"gross\"   \n    \"genres\"   \n    \"num_voted_users\"   \n    \"cast_total_facebook_likes\"   \n    \"facenumber_in_poster\"   \n    \"plot_keywords\"   \n    \"movie_imdb_link\"   \n    \"num_user_for_reviews\"   \n    \"language\"   \n    \"country\"   \n    \"content_rating\"   \n    \"budget\"   \n    \"title_year\"   \n    \"imdb_score\"   \n    \"aspect_ratio\"  \n\nChuan Sun posed [the question](https://blog.nycdatascience.com/student-works/machine-learning/movie-rating-prediction/): \n> How can we tell the greatness of a movie before it is released in cinema? This question puzzled me for a long time since there is no universal way to claim the goodness of movies. Many people rely on critics to gauge the quality of a film, while others use their instincts. But it takes the time to obtain a reasonable amount of critics review after a movie is released. And human instinct sometimes is unreliable. Given that thousands of movies were produced each year, is there a better way for us to tell the greatness of movie without relying on critics or our own instincts?\n\nTo answer this question, he applied the human face detection algorithm on all the posters using the Python library called [dlib](http://dlib.net/face_detector.py.html), and extracted the number of faces in posters.\n\n![alt text](http://i.imgur.com/rViagmt.png)\n\n![alt text](http://i.imgur.com/MYKnNEN.png)\n\nFor more details about the scraping steps, the EDA, and to see more impressive visualizations visit the site: https://blog.nycdatascience.com/student-works/machine-learning/movie-rating-prediction/\n\n[Github page: Movie Rating Prediction](https://github.com/sundeepblue/movie_rating_prediction)","homepage":"https://data.world/popculture/imdb-5000-movie-dataset","license":"ODC-ODbL","resources":[{"name":"movie_metadata","schema":{"fields":[{"name":"color","title":"color","type":"string","rdfType":"http://www.w3.org/2001/XMLSchema#string"},{"name":"director_name","title":"director_name","type":"string","rdfType":"http://www.w3.org/2001/XMLSchema#string"},{"name":"num_critic_for_reviews","title":"num_critic_for_reviews","type":"integer","rdfType":"http://www.w3.org/2001/XMLSchema#integer"},{"name":"duration","title":"duration","type":"integer","rdfType":"http://www.w3.org/2001/XMLSchema#integer"},{"name":"director_facebook_likes","title":"director_facebook_likes","type":"integer","rdfType":"http://www.w3.org/2001/XMLSchema#integer"},{"name":"actor_3_facebook_likes","title":"actor_3_facebook_likes","type":"integer","rdfType":"http://www.w3.org/2001/XMLSchema#integer"},{"name":"actor_2_name","title":"actor_2_name","type":"string","rdfType":"http://www.w3.org/2001/XMLSchema#string"},{"name":"actor_1_facebook_likes","title":"actor_1_facebook_likes","type":"integer","rdfType":"http://www.w3.org/2001/XMLSchema#integer"},{"name":"gross","title":"gross","type":"integer","rdfType":"http://www.w3.org/2001/XMLSchema#integer"},{"name":"genres","title":"genres","type":"string","rdfType":"http://www.w3.org/2001/XMLSchema#string"},{"name":"actor_1_name","title":"actor_1_name","type":"string","rdfType":"http://www.w3.org/2001/XMLSchema#string"},{"name":"movie_title","title":"movie_title","type":"string","rdfType":"http://www.w3.org/2001/XMLSchema#string"},{"name":"num_voted_users","title":"num_voted_users","type":"integer","rdfType":"http://www.w3.org/2001/XMLSchema#integer"},{"name":"cast_total_facebook_likes","title":"cast_total_facebook_likes","type":"integer","rdfType":"http://www.w3.org/2001/XMLSchema#integer"},{"name":"actor_3_name","title":"actor_3_name","type":"string","rdfType":"http://www.w3.org/2001/XMLSchema#string"},{"name":"facenumber_in_poster","title":"facenumber_in_poster","type":"integer","rdfType":"http://www.w3.org/2001/XMLSchema#integer"},{"name":"plot_keywords","title":"plot_keywords","type":"string","rdfType":"http://www.w3.org/2001/XMLSchema#string"},{"name":"movie_imdb_link","title":"movie_imdb_link","type":"string","rdfType":"http://www.w3.org/2001/XMLSchema#anyURI"},{"name":"num_user_for_reviews","title":"num_user_for_reviews","type":"integer","rdfType":"http://www.w3.org/2001/XMLSchema#integer"},{"name":"language","title":"language","type":"string","rdfType":"http://www.w3.org/2001/XMLSchema#string"},{"name":"country","title":"country","type":"string","rdfType":"http://www.w3.org/2001/XMLSchema#string"},{"name":"content_rating","title":"content_rating","type":"string","rdfType":"http://www.w3.org/2001/XMLSchema#string"},{"name":"budget","title":"budget","type":"integer","rdfType":"http://www.w3.org/2001/XMLSchema#integer"},{"name":"title_year","title":"title_year","type":"gyear","rdfType":"http://www.w3.org/2001/XMLSchema#gYear"},{"name":"actor_2_facebook_likes","title":"actor_2_facebook_likes","type":"integer","rdfType":"http://www.w3.org/2001/XMLSchema#integer"},{"name":"imdb_score","title":"imdb_score","type":"number","rdfType":"http://www.w3.org/2001/XMLSchema#decimal"},{"name":"aspect_ratio","title":"aspect_ratio","type":"number","rdfType":"http://www.w3.org/2001/XMLSchema#decimal"},{"name":"movie_facebook_likes","title":"movie_facebook_likes","type":"integer","rdfType":"http://www.w3.org/2001/XMLSchema#integer"}]},"path":"data/movie_metadata.csv","format":"csv"},{"name":"original/movie_metadata.csv.zip","path":"original/movie_metadata.csv.zip","format":"zip","mediatype":"application/zip","bytes":593696},{"name":"original/movie_metadata.csv/movie_metadata.csv","path":"original/movie_metadata.csv/movie_metadata.csv","format":"csv","mediatype":"text/csv","bytes":1494688}],"keywords":["movies","hollywood","imdb","rottentomatoes","critics","twothumbsup","sundeepblue"]}